input_name,input_ra,input_dec,sep_deg,Source_Name,RAJ2000,DEJ2000,ASSOC_FGL,ASSOC1,ASSOC2,ASSOC_FHL,ASSOC_GAM1,ASSOC_GAM2,ASSOC_GAM3,ASSOC_TEV,ASSOC_PROB_BAY,ASSOC_PROB_LR
NGC1275,49.9507,41.5117,0.009127366097881813,FL16Y J0319.8+4130 ,49.9627,41.5133,4FGL J0319.8+4130 ,NGC 1275 , ,3FHL J0319.8+4130 ,2AGL J0320+4124 , , ,NGC 1275 ,0.99930084,0.9995689
ThreeC111,64.59,38.03,0.12301913886833951,FL16Y J0418.1+3808 ,64.5322,38.1443,4FGL J0418.2+3807 ,3C 111 , , , , , , ,0.81130546,0.9288842
NGC4151,182.64,39.41,0.07714834562023587,FL16Y J1210.4+3928 ,182.6028,39.4816,4FGL J1210.3+3928 ,1E 1207.9+3945 , , , , , , ,0.9989141,0.9665718
NGC4051,180.79,44.53,0.23736755502998524,FL16Y J1202.3+4443 ,180.5918,44.7209,4FGL J1202.4+4442 ,B3 1159+450 , , , , , , ,0.99137735,0.8096409
AXJ1737.4-2907,264.3681,-29.134,0.1664664912357097,FL16Y J1737.2-2858 ,264.3206,-28.9728,4FGL J1737.1-2901 , , , , ,3EG J1736-2908 , , ,0.0,0.0
NGC5548,214.5,25.14,0.47020613700075503,FL16Y J1419.5+2527 ,214.8789,25.4621,4FGL J1419.5+2527 , ,CRATES J141914+252450 , , , , , ,0.55,0.0
NGC1194,45.95,-1.1,0.2740804374220449,FL16Y J0304.5-0054 ,46.1386,-0.9011,4FGL J0304.5-0054 ,RX J0304.5-0054 , ,3FHL J0304.5-0055 , , , , ,0.99958295,0.95825446
NGC1068,40.67,-0.01,0.011661149994545273,FL16Y J0242.6-0001 ,40.664,-0.02,4FGL J0242.6-0000 ,NGC 1068 , ,3FHL J0242.7-0002 , , , , ,0.9997255,0.99690485
NGC4992,197.27,11.63,0.30009327294666266,FL16Y J1309.6+1154 ,197.4038,11.9,4FGL J1309.7+1153 ,4C +12.46 , , , , , , ,0.9996366,0.9911542
